mean_radius,mean_texture,mean_perimeter,mean_area,mean_smoothness,diagnosis
19.81,22.15,130,1260,0.09831,0
13.54,14.36,87.46,566.3,0.09779,1
13.08,15.71,85.63,520,0.1075,1
9.504,12.44,60.34,273.9,0.1024,1
15.34,14.26,102.5,704.4,0.1073,0
21.16,23.04,137.2,1404,0.09428,0
16.65,21.38,110,904.6,0.1121,0
